"distance";"mean mortality class 1";"mean mortality class 2";"mean mortality class 3";"mean mortality class 4";"mean mortality class 5";"mean mortality class 6";"mean mortality class 7";"mean mortality class 8";"median mortality class 1";"median mortality class 2";"median mortality class 3";"median mortality class 4";"median mortality class 5";"median mortality class 6";"median mortality class 7";"median mortality class 8";"SD mortality class 1";"SD mortality class 2";"SD mortality class 3";"SD mortality class 4";"SD mortality class 5";"SD mortality class 6";"SD mortality class 7";"SD mortality class 8";"SDERR mortality class 1";"SDERR mortality class 2";"SDERR mortality class 3";"SDERR mortality class 4";"SDERR mortality class 5";"SDERR mortality class 6";"SDERR mortality class 7";"SDERR mortality class 8"
0,2;0,959263131228164;0,949621005397924;0,932451512223681;0,886617274952518;0,814920410151372;0,674721714176496;0,3064857132642;0,135688204946654;0,999961444304773;0,999775931668641;0,998721983691834;0,988309101443122;0,946749319156674;0,806974923917547;0,343725783365878;0,144102799841635;0,177234312819146;0,185964722103939;0,200916317740493;0,233539832893549;0,264954769261943;0,280471281176995;0,176690024875938;0,0861990917782418;0,00560464108043278;0,00588072086288708;0,00635353183154054;0,00738517796318726;0,00837860547792108;0,00886928066784814;0,00558742918439774;0,00272585462257138
0,5;0,931240955370506;0,918085835360481;0,895050519515052;0,834177765432951;0,74158347707069;0,573433716526347;0,219223239570675;0,0901320098771139;0,999898292740867;0,999418016123599;0,99681410069116;0,974155635811003;0,896904063023962;0,693208738085854;0,238652099584962;0,0935212758065201;0,231422232149136;0,239747169911239;0,25330703227768;0,280719168721194;0,300049396169289;0,286226877883152;0,141181689982963;0,0620620865096955;0,00731821354791512;0,00758147119498904;0,00801027169335258;0,0088771195602807;0,00948839502453155;0,00905128861669636;0,00446455704257941;0,00196257549713047
1;0,935419355642261;0,920115940736815;0,893328011363557;0,821102654385858;0,70930841119065;0,515792137396636;0,172773790912474;0,067818985082461;0,999794771181489;0,998846202276961;0,993842668650337;0,954242287355993;0,843221042492613;0,600245182161979;0,181938246651537;0,0688926102627129;0,21985980609844;0,231106226479866;0,248401173035916;0,277657067488834;0,290439266364086;0,259925395799982;0,109500077997652;0,0453703022726754;0,00695257753194048;0,00730822057123093;0,00785513480251097;0,00878028741707803;0,00918449603658841;0,00821956272448707;0,00346269650438669;0,00143473493311968
2;0,933521630441348;0,914590199292657;0,880114075509655;0,789581094924237;0,658271821428796;0,450825770979823;0,136189255165295;0,0518333144391746;0,999689153266572;0,998253440444526;0,990961602751722;0,936861722919362;0,793283064623303;0,523876371443407;0,142015326928642;0,052455353815137;0,218547835342325;0,229841172981814;0,249545769618867;0,284006944621849;0,292208548893813;0,244544250280712;0,0894157147380411;0,0354284185950574;0,0069110893738119;0,00726821606707288;0,00789133012455269;0,00898108816310351;0,00924044566277123;0,00773316819585322;0,00282757317184096;0,00112034496658244
5;0,930178249415325;0,908283636392705;0,867020425245668;0,7535101836099;0,59184721311028;0,366928414485892;0,0960520171275309;0,0352565404758418;0,999293166185251;0,996199364260121;0,981607124980651;0,890462077960886;0,699667067877069;0,4115327110591;0,0988246434278378;0,0356314552862226;0,222123459857591;0,234075059267456;0,254437122460612;0,281885518186368;0,271306462185968;0,201608953577961;0,0615945264037643;0,0232816201132111;0,00702416054906969;0,00740210330724067;0,00804600828274718;0,00891400276885738;0,00857946364430005;0,00637543489989511;0,00194778994835275;0,000736229471765344
10;0,921049851262945;0,889655642485267;0,834215587894812;0,692364772309627;0,511020328999429;0,292154047779573;0,0697934625319449;0,025115795664638;0,998690330270481;0,993259046791676;0,969123339629905;0,840108179229472;0,613659026330151;0,333200326095574;0,0741542921078065;0,0262404865519087;0,221975859676175;0,242942662430125;0,268975048754726;0,291083503278624;0,261743263723708;0,175102247107285;0,0471243350918073;0,0173203445436195;0,00701949302150639;0,00768252154104611;0,00850573787819769;0,00920486859661543;0,00827704875573041;0,00553721924272651;0,00149020232111111;0,000547717386167072
15;0,9254492071395;0,891610489532302;0,831717913499391;0,676603985414438;0,483737100071419;0,265239382583016;0,0606877414098587;0,0216463718400512;0,998131848379295;0,99042482464977;0,958278203037567;0,80371117988231;0,561407687577892;0,29145444464088;0,0626143690055312;0,0220099806250013;0,208718901326444;0,234262794245109;0,26242125720729;0,280589978246296;0,243831677281221;0,15519024383562;0,0395173077572717;0,0143528715122106;0,00660027118919504;0,0074080400084993;0,00829848879219914;0,00887303419875393;0,00771063465907791;0,00490754641157464;0,00124964699510819;0,000453877649423308
20;0,930263194591535;0,893130003538323;0,825390305738574;0,655465738535032;0,455365556151755;0,241857896386281;0,0537303557960377;0,0190576804463572;0,997830353858969;0,989044498483725;0,952595186811769;0,783095308230543;0,533967113245424;0,271530589622665;0,0574585645248086;0,0201849297026477;0,196776392428617;0,220793574190426;0,252888027479456;0,274000729182847;0,232700566969768;0,142707889128845;0,0349831319341255;0,0126122816719055;0,00622261589825543;0,00698210587171113;0,0079970215982233;0,00866466384764762;0,00735863804437014;0,00451281969721934;0,00110626376598008;0,000398835365748178
30;0,920876691916273;0,880293653161775;0,807364036334111;0,625048503316274;0,41927832661792;0,21430534912269;0,0460090631680191;0,0162174373637611;0,99677167294815;0,984181046799127;0,936113793794352;0,739111983718808;0,479390119091644;0,231462241663718;0,0471308712306685;0,0164556488466607;0,209742447140846;0,236416137156547;0,265515452953876;0,27202459476323;0,219344534436519;0,127658400177394;0,0298497058046559;0,0106677030921258;0,00663263854982546;0,00747613469033453;0,00839633585305531;0,00860217299036117;0,00693628321128638;0,00403691307013808;0,000943930578286617;0,000337342391735387
40;0,900834495994765;0,855522027147322;0,776964673910057;0,587777245292207;0,383658690683503;0,190748204852973;0,0400172115819575;0,0140486989639339;0,995857620265306;0,979953913288503;0,922560383511708;0,70331771002995;0,438529719289445;0,205825887541926;0,0410249508890526;0,0142860465034474;0,236370077489973;0,262018722971786;0,287294766333402;0,279882169118531;0,21438488076304;0,118994248205269;0,0268025987844116;0,00951594532348825;0,00747467815578811;0,00828575954199526;0,00908505821459412;0,00885065130883;0,00677944519114823;0,00376292852788053;0,000847572593704008;0,000300920613118506
50;0,902132769967245;0,852264637601726;0,763564382044881;0,557184551232544;0,35046291878705;0,16862692245268;0,0345164420905055;0,0120660444708412;0,994223589950957;0,973787175569212;0,903667527462019;0,658090697572905;0,393423029802646;0,178980327894771;0,0348446680013118;0,0120816932830877;0,230873581005732;0,255612003227474;0,279448280769459;0,267119656030682;0,198120703063094;0,106303017309422;0,0233011803984451;0,00823286434153887;0,00730086367537499;0,00808316127477129;0,00883693055449722;0,00844706520857686;0,00626512673313274;0,00336159656846076;0,000736848022295562;0,000260346029864452
60;0,900983623618331;0,852316778978872;0,764741427525975;0,557112516191546;0,348505010437864;0,166420748591578;0,0338551401050044;0,0118216569611502;0,994912827760651;0,976136739203566;0,909872317175078;0,669371322286956;0,406210823316586;0,185033679526441;0,0362553944088856;0,0125668844722312;0,235057756758494;0,25889228285802;0,280584146347409;0,264718218441412;0,19368420291168;0,102330963363786;0,0221461626047723;0,00780745279652109;0,0074331789304668;0,00818689282471908;0,00887284977791828;0,0083711250841685;0,00612483227995124;0,00323598919388808;0,000700323152635279;0,000246893335612578
70;0,908075628147856;0,851198147412539;0,751569800178943;0,528855513463173;0,32111288283719;0,149857196179007;0,030013710672791;0,0104551451388326;0,992180355556775;0,965842285286365;0,881054893786374;0,612105701203828;0,353014658211347;0,155332794992835;0,0298670767947343;0,0103368725534898;0,208928905327221;0,241225450850475;0,268855677889225;0,253491898714494;0,182349454594493;0,0947393481139428;0,0202544258120216;0,0071266350790152;0,00660691209879707;0,00762821854288502;0,00850196303998521;0,00801611768338509;0,00576639606608054;0,00299592124079637;0,000640501182648938;0,000225363989025421
80;0,90361524919137;0,851614561087654;0,757073694806939;0,535634453387988;0,324567110412163;0,150738780936946;0,0300526110416484;0,0104595172988879;0,993527278064594;0,970197726118688;0,890593309682568;0,631659567111484;0,368174632443038;0,164191988980068;0,0316419693906176;0,0109478112698316;0,225584583021101;0,252669992159696;0,273562082495881;0,250830188753247;0,177056276329941;0,0905549782133682;0,0191298933811593;0,00671726840621033;0,00713361087366025;0,00799012671601526;0,00865079262145863;0,00793194702390211;0,00559901107230772;0,00286359984621169;0,000604940344806431;0,000212418678183138
100;0,899435809828499;0,844347125551411;0,742851018731913;0,51114044494538;0,301675221157253;0,137187627639266;0,0269598032632228;0,00936119195458645;0,991187717594652;0,961059517344263;0,866927644727087;0,585798523669944;0,328467959666232;0,14249834064408;0,0269752034155156;0,00930460703300079;0,231917989803471;0,255927348297529;0,272760391804098;0,242364847267771;0,166206520704013;0,0829588180557511;0,0172199788714441;0,00602898172106986;0,00733389078146673;0,00809313336147407;0,00862544093580872;0,00766424942124994;0,00525591167396612;0,00262338817051675;0,000544543544937391;0,000190653142101027
120;0,877656812591033;0,814427318784863;0,704875167985278;0,472665654644629;0,273729036356781;0,122720061258224;0,0238911205711884;0,00828349122480987;0,988662370316164;0,952257652096247;0,844848894085517;0,549661422008263;0,299727976855942;0,128206821418076;0,0241208307140127;0,00831659686805042;0,25278594367846;0,27571161642202;0,289709505749392;0,249375528123959;0,165858238103391;0,0807750149990426;0,0164916487178551;0,00575868019657046;0,00799379342498975;0,00871876685260269;0,00916141897969724;0,00788594661579087;0,00524489801109242;0,00255433025431238;0,000521511723198178;0,000182105457376688
140;0,872768279687353;0,807875494484107;0,69441817931852;0,456115207496029;0,258949193654316;0,114339591649341;0,0220392648813474;0,00762912708169352;0,986669384620376;0,944954191174075;0,826830966923023;0,522383877658498;0,280182312609741;0,117304325961856;0,0219451599822304;0,00755476008691322;0,258297689715563;0,280027862206064;0,289396264844929;0,240497468638372;0,15563106440456;0,0742943789886292;0,0149727771113682;0,00521728667243023;0,00816809013860628;0,00885525852878944;0,0091515134325529;0,00760519772402169;0,00492148638194765;0,00234939454951825;0,000473480785699602;0,000164985090909203
160;0,865574195789421;0,791293157520294;0,671351545647265;0,4333905607465;0,243083282658986;0,106411796651459;0,0203945501613375;0,00705384813597299;0,984342206592954;0,9374645551884;0,811710486322401;0,504494609109114;0,266047039670195;0,111225670699156;0,0206176600417044;0,00709414008349035;0,248733711650769;0,280601273096372;0,295125429613204;0,242465220086952;0,154083403758379;0,0725054819208582;0,0144715973958928;0,00503565304302934;0,00786565059683989;0,00887339137327463;0,00933268553013431;0,00766742348848776;0,00487254505507826;0,00229282465718072;0,000457632091519827;0,000159241331223306
180;0,879931914519719;0,80683293465497;0,68357824526542;0,436291451064188;0,241940143251975;0,105038684383597;0,0200268833077411;0,00692098915709877;0,984669937574833;0,938871406698514;0,812020492690507;0,498334150807365;0,261315865597;0,108408162308654;0,0200895893383535;0,00691261598408019;0,233226903648389;0,264223620183404;0,279060252627353;0,229194128583801;0,144898135383932;0,0678542281244944;0,0134976526014217;0,00469415579048335;0,00737528227157542;0,00835548451394792;0,00882466002724422;0,00724775472662312;0,0045820813652466;0,00214573909746058;0,000426833252861895;0,000148442239895955
200;0,864082040010021;0,789632110356991;0,663848440323835;0,416772492321386;0,228275850338139;0,0982157024261001;0,0186212419694769;0,00642938239798199;0,981767183122124;0,928562533122925;0,791880063460017;0,474367893329948;0,244331581650994;0,100372964693854;0,0184548721591367;0,00633963043500893;0,257138653159533;0,28056090082641;0,287250133756786;0,22834253551665;0,141440115333605;0,0652725089588322;0,012865196875988;0,00446736964621338;0,00813143818452178;0,00887211469000071;0,00908364680859464;0,00722082498930508;0,00447272916971099;0,00206409796903655;0,000406833246746049;0,000141270632319349
300;0,866494963576852;0,786217855089417;0,648966506407855;0,389136813703837;0,205150010749077;0,0859527484161081;0,0160325544504373;0,00552192739948145;0,978207095453531;0,916996269361866;0,766803706109774;0,440708524618619;0,220993226128936;0,0891483870528984;0,016252673074988;0,00558253382215829;0,24895406480592;0,272626626995067;0,273556371179021;0,205439831219429;0,121381704922247;0,0541934683564712;0,010462457277422;0,00362156518741585;0,00787261877543873;0,00862121092113559;0,00865061201376146;0,00649657788773964;0,00383842653828772;0,00171374794310711;0,000330851949188578;0,000114523946870087
400;0,855972355445213;0,766070328175072;0,61968491194857;0,358808690222358;0,184654264708173;0,07615571969032;0,0140745057851964;0,00484072488718538;0,973649215409258;0,903850085398543;0,736880754486138;0,408872103394238;0,20025631994744;0,0801545545203415;0,014538620358826;0,0049848379960735;0,247817876472583;0,274591002032546;0,273825022971284;0,19757965688587;0,112765186287791;0,0491502582107614;0,00935440763702458;0,00323094844463107;0,00783668934559616;0,00868332991410772;0,00865910752937185;0,00624801735073919;0,00356594829442607;0,00155426763531398;0,000295812342946713;0,000102171560876126
500;0,838158591482115;0,745673397529193;0,594549187646724;0,334724766927172;0,169014805167266;0,0689036646310718;0,0126482471767017;0,00434587312652854;0,968701834162539;0,887822232191783;0,70684066316431;0,375940278474841;0,17986056879889;0,0710044667032246;0,0128153082294982;0,00439469883877691;0,271718499936864;0,28725468087825;0,27547889440352;0,190215617822068;0,10577954114952;0,0453805971786122;0,00855645029469056;0,00295123702965743;0,00859249342204809;0,00908379060120086;0,00871140753620136;0,00601514598853851;0,00334504279879989;0,00143506048663026;0,000270578716172411;9,33263092874737e-05
600;0,845697591594175;0,744532328097606;0,584159641839055;0,320548022319412;0,159297112187968;0,0643285362510196;0,0117467275824492;0,00403297588200556;0,964754742821527;0,876998032345056;0,687774665212077;0,36115287466997;0,171459712618225;0,0673079301816144;0,0121265859800875;0,0041562181749982;0,249238099353233;0,271157562011745;0,263341907893329;0,179664039334041;0,0982761978553759;0,0416814828827423;0,00780604920988013;0,00268972482993515;0,00788160073647555;0,00857475500735464;0,00832760232317194;0,00568147577921649;0,00310776625004343;0,00131808422162787;0,00024684895030579;8,50565674170412e-05
700;0,820895023444891;0,717435355097118;0,557775452829051;0,301612767727508;0,148527668317265;0,0596319124038658;0,0108541076104575;0,00372476999440931;0,960628441752519;0,866199198611964;0,668215372579163;0,340060244694015;0,159345503528783;0,0619915739180576;0,0110931718188342;0,00379657219642321;0,274187578545839;0,290944872307028;0,273803817134094;0,179845637412167;0,0965123668946057;0,0404831455688754;0,00753737527298221;0,00259493876532303;0,0086705725433117;0,00920048470037058;0,00865843694191975;0,00568721841467237;0,00305198901760786;0,00128018946845799;0,000238352734420572;8,20591688708593e-05
800;0,814014141227612;0,707378441281544;0,543898387394291;0,28807658776013;0,140051110123469;0,0557993115590603;0,0101128062349396;0,00346821735386229;0,952068668726723;0,845312026684347;0,640851384630307;0,314124020208207;0,145834146372168;0,0563732677318315;0,0100613767560264;0,00344292933265078;0,277863668021374;0,292636125749459;0,270192655626956;0,172208005496261;0,0908041415763643;0,0376979884046644;0,00697750641871976;0,00240018757769178;0,00878682069956432;0,00925396683015739;0,00854424198830691;0,0054456952868298;0,00287147908357703;0,00119211506565357;0,00022064812671599;7,59005955714838e-05
900;0,819664790238017;0,709441028352219;0,540398103887196;0,281278769271785;0,135289552311373;0,0535744718414719;0,00967775133568056;0,00331744107965398;0,949967221795939;0,840386308880397;0,628625209658527;0,306050221114294;0,140784908243042;0,054279421636652;0,0096586545191936;0,00330222240801004;0,269774548573947;0,284159379630853;0,260186354233102;0,163041590740319;0,085055616912219;0,0350911679220615;0,00647282763133216;0,00222544682093051;0,00853102028237402;0,00898590858133953;0,00822781495471995;0,00515582780076426;0,0026896947723335;0,00110968016389152;0,000204688782166823;7,0374807657213e-05
1000;0,81881872427896;0,708136490276899;0,53765819066079;0,278129786593703;0,13323235794032;0,0526329262860591;0,0094942257925738;0,0032538595713409;0,950981625253233;0,843248663237246;0,637011442638852;0,311475008457073;0,142843888371254;0,0552011964037945;0,0098373051201377;0,00336462331967719;0,271513528312976;0,283566980208279;0,258293754449609;0,160303751911401;0,0830208783365224;0,0340992624284945;0,00627361394081113;0,00215612468396492;0,00858601165017618;0,00896717526674049;0,00816796569457014;0,00506924973510596;0,00262535068891142;0,00107831335805847;0,00019838909213548;6,81826492063988e-05
1200;0,790564744595548;0,670949436337187;0,497099114164611;0,249073246682532;0,117344297725333;0,0459434098045324;0,00824994108627286;0,00282551783965984;0,93577539914604;0,806418401296473;0,58235100902421;0,270732961944158;0,121000047099477;0,0460324719235843;0,00813152207728937;0,00277849587386883;0,287165866946711;0,293591844895445;0,260200244557277;0,155233490483301;0,0786530200313588;0,0319127934926852;0,0058350792865818;0,00200355827143282;0,00908098205808468;0,00928418932320485;0,00822825420533826;0,00490891399065304;0,00248722688149942;0,00100917113935485;0,000184521408732689;6,33580756259759e-05
1500;0,784990268552089;0,659050724383903;0,480063505759977;0,234141176389272;0,108711542654475;0,0422173823389791;0,00754754218759523;0,00258331582440369;0,933124403557226;0,799363472368868;0,568682783099317;0,25885331784122;0,115372937842621;0,0437817927464958;0,00773410605519467;0,00264284302330151;0,283395338421487;0,289092222153393;0,251339554187137;0,14438404833734;0,0715877487584727;0,0286971230923831;0,0052127755687534;0,00178819705085806;0,00896174747686127;0,00914189875844108;0,00794805457322664;0,00456582450541842;0,00226380338640665;0,000907482712661453;0,000164842437285404;5,65477558590743e-05
2000;0,765544331299191;0,633272055326508;0,450314199482118;0,212163755264298;0,0967398082443792;0,0372099012291275;0,00661897636577817;0,00226385354637149;0,917601027358232;0,766627333071286;0,530240652034369;0,233452965340007;0,102421550263327;0,0385376388071739;0,006777943598551;0,00231473433138093;0,29381976265729;0,29162690267388;0,244089062528014;0,133378803668982;0,064488066111965;0,0255097769126023;0,00460148068372495;0,00157690921913857;0,00929139671567124;0,00922205239429709;0,00771877389523781;0,00421780811182406;0,00203929170813328;0,000806689976466015;0,000145511595698397;4,98662479579548e-05
